Position,Const,Created,Modified,Description,Title,URL,Title Type,IMDb Rating,Runtime (mins),Year,Genres,Num Votes,Release Date,Directors
1,tt0382932,2012-09-02,2012-09-02,,Ratatouille,https://www.imdb.com/title/tt0382932/,movie,8.1,111,2007,"Animation, Adventure, Comedy, Family, Fantasy",726444,2007-06-22,"Brad Bird, Jan Pinkava"
2,tt0266543,2012-09-02,2012-09-02,,Finding Nemo,https://www.imdb.com/title/tt0266543/,movie,8.2,100,2003,"Animation, Adventure, Comedy, Family",1034835,2003-05-18,"Andrew Stanton, Lee Unkrich"
3,tt0141109,2012-09-02,2012-09-02,Really sad movie :'( I cried bigtime!,Jack Frost,https://www.imdb.com/title/tt0141109/,movie,5.4,101,1998,"Comedy, Drama, Family, Fantasy",36826,1998-11-15,Troy Miller
4,tt0952640,2012-09-02,2012-09-02,,Alvin and the Chipmunks,https://www.imdb.com/title/tt0952640/,movie,5.2,92,2007,"Animation, Adventure, Comedy, Drama, Family, Fantasy, Music, Musical",85999,2007-12-13,Tim Hill
5,tt0332379,2012-09-02,2012-09-02,,School of Rock,https://www.imdb.com/title/tt0332379/,movie,7.2,109,2003,"Comedy, Music",304868,2003-09-09,Richard Linklater
6,tt0316396,2012-09-02,2012-09-02,,Peter Pan,https://www.imdb.com/title/tt0316396/,movie,6.8,113,2003,"Adventure, Family, Fantasy, Romance",73397,2003-12-09,P.J. Hogan
7,tt0227538,2012-09-02,2012-09-02,,Spy Kids,https://www.imdb.com/title/tt0227538/,movie,5.6,88,2001,"Action, Adventure, Comedy, Family, Sci-Fi",117819,2001-03-18,Robert Rodriguez
8,tt0287717,2012-09-02,2012-09-02,,Spy Kids 2: Island of Lost Dreams,https://www.imdb.com/title/tt0287717/,movie,5.2,100,2002,"Action, Adventure, Comedy, Family, Sci-Fi",67921,2002-08-07,Robert Rodriguez
9,tt0170016,2012-09-02,2012-09-02,,How the Grinch Stole Christmas,https://www.imdb.com/title/tt0170016/,movie,6.2,104,2000,"Comedy, Family, Fantasy",244248,2000-11-08,Ron Howard
10,tt0115433,2012-09-02,2012-09-02,,101 Dalmatians,https://www.imdb.com/title/tt0115433/,movie,5.7,103,1996,"Adventure, Comedy, Crime, Family",111455,1996-11-18,Stephen Herek
11,tt0211181,2012-09-02,2012-09-02,,102 Dalmatians,https://www.imdb.com/title/tt0211181/,movie,4.8,100,2000,"Adventure, Comedy, Family",37676,2000-11-22,Kevin Lima
12,tt0110989,2012-09-02,2012-09-02,,Ri¢hie Ri¢h,https://www.imdb.com/title/tt0110989/,movie,5.4,95,1994,"Comedy, Family",69410,1994-12-19,Donald Petrie
13,tt0118998,2012-09-02,2012-09-02,,Doctor Dolittle,https://www.imdb.com/title/tt0118998/,movie,5.4,85,1998,"Comedy, Family, Fantasy",97441,1998-06-13,Betty Thomas
14,tt0240462,2012-09-02,2012-09-02,,Dr. Dolittle 2,https://www.imdb.com/title/tt0240462/,movie,4.7,87,2001,"Comedy, Family, Fantasy",45437,2001-06-19,Steve Carr
15,tt0103786,2012-09-02,2012-09-02,,Beethoven,https://www.imdb.com/title/tt0103786/,movie,5.7,87,1992,"Comedy, Drama, Family",71945,1992-04-03,Brian Levant
16,tt0106375,2012-09-02,2012-09-02,,Beethoven's 2nd,https://www.imdb.com/title/tt0106375/,movie,4.9,89,1993,"Comedy, Family, Romance",28205,1993-12-15,Rod Daniel
17,tt0206588,2012-09-02,2012-09-02,,Beethoven's 3rd,https://www.imdb.com/title/tt0206588/,video,4.0,99,2000,"Family, Comedy",6009,2000-07-25,David Mickey Evans
18,tt0367594,2012-09-02,2012-09-02,,Charlie and the Chocolate Factory,https://www.imdb.com/title/tt0367594/,movie,6.7,115,2005,"Adventure, Comedy, Family, Fantasy, Musical",477240,2005-07-10,Tim Burton
19,tt0164912,2012-09-02,2012-09-02,,Stuart Little,https://www.imdb.com/title/tt0164912/,movie,6.0,84,1999,"Adventure, Comedy, Family, Fantasy",135665,1999-12-05,Rob Minkoff
20,tt0243585,2012-09-02,2012-09-02,,Stuart Little 2,https://www.imdb.com/title/tt0243585/,movie,5.5,77,2002,"Animation, Adventure, Comedy, Family, Fantasy",54621,2002-07-14,Rob Minkoff
21,tt0400497,2012-09-02,2012-09-02,,Herbie Fully Loaded,https://www.imdb.com/title/tt0400497/,movie,4.9,101,2005,"Adventure, Comedy, Family, Fantasy, Romance, Sport",48146,2005-06-19,Angela Robinson
22,tt0339291,2012-09-02,2012-09-02,,A Series of Unfortunate Events,https://www.imdb.com/title/tt0339291/,movie,6.8,108,2004,"Adventure, Comedy, Family, Fantasy",209231,2004-12-16,Brad Silberling
23,tt0457495,2012-09-02,2012-09-02,,Stormbreaker,https://www.imdb.com/title/tt0457495/,movie,5.1,93,2006,"Action, Adventure, Family, Mystery, Romance, Thriller",24802,2006-07-21,Geoffrey Sax
24,tt0113442,2012-09-02,2012-09-02,,It Takes Two,https://www.imdb.com/title/tt0113442/,movie,5.9,101,1995,"Comedy, Family, Romance",22901,1995-11-17,Andy Tennant
25,tt0120783,2012-09-02,2012-09-02,,The Parent Trap,https://www.imdb.com/title/tt0120783/,movie,6.6,128,1998,"Adventure, Comedy, Drama, Family, Romance",137746,1998-07-20,Nancy Meyers
26,tt0475293,2012-09-02,2012-09-02,,High School Musical,https://www.imdb.com/title/tt0475293/,tvMovie,5.5,98,2006,"Comedy, Drama, Family, Music, Musical, Romance",88759,2006-01-20,Kenny Ortega
27,tt0810900,2012-09-02,2012-09-02,,High School Musical 2,https://www.imdb.com/title/tt0810900/,tvMovie,5.1,104,2007,"Comedy, Drama, Family, Music, Musical, Romance",60890,2007-08-17,Kenny Ortega
28,tt1055366,2012-09-02,2012-09-02,,Camp Rock,https://www.imdb.com/title/tt1055366/,tvMovie,5.1,94,2008,"Comedy, Drama, Family, Music, Musical, Romance",34044,2008-06-20,Matthew Diamond
29,tt0815244,2012-09-02,2012-09-02,,Sydney White,https://www.imdb.com/title/tt0815244/,movie,6.2,108,2007,"Comedy, Drama, Romance",48938,2007-09-21,Joe Nussbaum
30,tt0111070,2012-09-02,2012-09-02,,The Santa Clause,https://www.imdb.com/title/tt0111070/,movie,6.5,97,1994,"Comedy, Drama, Family, Fantasy",115610,1994-11-11,John Pasquin
31,tt0304669,2012-09-02,2012-09-02,,The Santa Clause 2,https://www.imdb.com/title/tt0304669/,movie,5.7,104,2002,"Comedy, Family, Fantasy",57094,2002-10-27,Michael Lembeck
32,tt0452681,2012-09-02,2012-09-02,,The Santa Clause 3: The Escape Clause,https://www.imdb.com/title/tt0452681/,movie,4.7,97,2006,"Adventure, Comedy, Family, Fantasy",37624,2006-11-02,Michael Lembeck
33,tt0351283,2012-09-02,2012-09-02,,Madagascar,https://www.imdb.com/title/tt0351283/,movie,6.9,86,2005,"Animation, Adventure, Comedy, Family",402063,2005-05-25,"Tom McGrath, Eric Darnell"
34,tt0268380,2012-09-02,2012-09-02,,Ice Age,https://www.imdb.com/title/tt0268380/,movie,7.5,81,2002,"Animation, Adventure, Comedy, Family",480554,2002-03-12,"Chris Wedge, Carlos Saldanha"
35,tt0438097,2012-09-02,2012-09-02,,Ice Age: The Meltdown,https://www.imdb.com/title/tt0438097/,movie,6.8,91,2006,"Animation, Adventure, Comedy, Family",277818,2006-03-29,Carlos Saldanha
36,tt0441773,2012-09-02,2012-09-02,,Kung Fu Panda,https://www.imdb.com/title/tt0441773/,movie,7.6,92,2008,"Animation, Action, Adventure, Comedy, Family, Fantasy",466338,2008-05-15,"Mark Osborne, John Stevenson"
37,tt0780521,2012-09-02,2012-09-02,,The Princess and the Frog,https://www.imdb.com/title/tt0780521/,movie,7.1,97,2009,"Animation, Adventure, Comedy, Family, Fantasy, Musical, Romance",144496,2009-11-15,"Ron Clements, John Musker"
38,tt0083866,2012-09-02,2012-09-02,,E.T. the Extra-Terrestrial,https://www.imdb.com/title/tt0083866/,movie,7.9,115,1982,"Adventure, Family, Sci-Fi",406759,1982-05-26,Steven Spielberg
39,tt0241527,2012-09-02,2012-09-02,,Harry Potter and the Sorcerer's Stone,https://www.imdb.com/title/tt0241527/,movie,7.6,152,2001,"Adventure, Family, Fantasy",768367,2001-11-04,Chris Columbus
40,tt0295297,2012-09-02,2012-09-02,,Harry Potter and the Chamber of Secrets,https://www.imdb.com/title/tt0295297/,movie,7.4,161,2002,"Adventure, Family, Fantasy, Mystery",627779,2002-11-03,Chris Columbus
41,tt0304141,2012-09-02,2012-09-02,,Harry Potter and the Prisoner of Azkaban,https://www.imdb.com/title/tt0304141/,movie,7.9,142,2004,"Adventure, Family, Fantasy, Mystery",627010,2004-05-23,Alfonso Cuarón
42,tt0330373,2012-09-02,2012-09-02,,Harry Potter and the Goblet of Fire,https://www.imdb.com/title/tt0330373/,movie,7.7,157,2005,"Adventure, Family, Fantasy, Mystery",619700,2005-11-06,Mike Newell
43,tt0373889,2012-09-02,2012-09-02,,Harry Potter and the Order of the Phoenix,https://www.imdb.com/title/tt0373889/,movie,7.5,138,2007,"Action, Adventure, Family, Fantasy, Mystery",575517,2007-06-28,David Yates
44,tt0417741,2012-09-02,2012-09-02,,Harry Potter and the Half-Blood Prince,https://www.imdb.com/title/tt0417741/,movie,7.6,153,2009,"Action, Adventure, Family, Fantasy, Mystery",539227,2009-07-06,David Yates
45,tt0926084,2012-09-02,2012-09-02,,Harry Potter and the Deathly Hallows: Part 1,https://www.imdb.com/title/tt0926084/,movie,7.7,146,2010,"Adventure, Family, Fantasy, Mystery",542846,2010-11-11,David Yates
46,tt1201607,2012-09-02,2012-09-02,,Harry Potter and the Deathly Hallows: Part 2,https://www.imdb.com/title/tt1201607/,movie,8.1,130,2011,"Adventure, Fantasy, Mystery",865576,2011-07-07,David Yates
47,tt0126029,2012-09-02,2012-09-02,,Shrek,https://www.imdb.com/title/tt0126029/,movie,7.9,90,2001,"Animation, Adventure, Comedy, Family, Fantasy, Romance",671072,2001-04-22,"Vicky Jenson, Andrew Adamson"
48,tt0298148,2012-09-02,2012-09-02,,Shrek 2,https://www.imdb.com/title/tt0298148/,movie,7.3,93,2004,"Animation, Adventure, Comedy, Family, Fantasy, Romance",460124,2004-05-08,"Conrad Vernon, Kelly Asbury, Andrew Adamson"
49,tt0413267,2012-09-02,2012-09-02,,Shrek the Third,https://www.imdb.com/title/tt0413267/,movie,6.1,93,2007,"Animation, Adventure, Comedy, Family, Fantasy, Romance",305857,2007-05-06,"Chris Miller, Raman Hui"
50,tt0097757,2012-09-02,2012-09-02,,The Little Mermaid,https://www.imdb.com/title/tt0097757/,movie,7.6,83,1989,"Animation, Adventure, Comedy, Family, Fantasy, Musical, Romance",261986,1989-11-13,"Ron Clements, John Musker"
51,tt0120762,2012-09-02,2012-09-02,,Mulan,https://www.imdb.com/title/tt0120762/,movie,7.6,88,1998,"Animation, Adventure, Comedy, Family, Fantasy, Musical, War",286349,1998-06-05,"Tony Bancroft, Barry Cook"
52,tt0097523,2012-09-02,2012-09-02,,"Honey, I Shrunk the Kids",https://www.imdb.com/title/tt0097523/,movie,6.4,93,1989,"Adventure, Comedy, Family, Sci-Fi",154925,1989-06-23,Joe Johnston
53,tt0107290,2012-09-02,2012-09-02,,Jurassic Park,https://www.imdb.com/title/tt0107290/,movie,8.2,127,1993,"Action, Adventure, Sci-Fi, Thriller",979081,1993-06-09,Steven Spielberg
54,tt0492956,2012-09-02,2012-09-02,,The Game Plan,https://www.imdb.com/title/tt0492956/,movie,6.1,110,2007,"Comedy, Family, Sport",66648,2007-09-23,Andy Fickman
55,tt0413895,2012-09-02,2012-09-02,,Charlotte's Web,https://www.imdb.com/title/tt0413895/,movie,6.3,97,2006,"Adventure, Comedy, Family, Fantasy",42488,2006-12-07,Gary Winick
56,tt0385880,2012-09-02,2012-09-02,,Monster House,https://www.imdb.com/title/tt0385880/,movie,6.6,91,2006,"Animation, Comedy, Family, Fantasy, Mystery",119339,2006-06-15,Gil Kenan
57,tt0099785,2012-09-02,2012-09-02,,Home Alone,https://www.imdb.com/title/tt0099785/,movie,7.7,103,1990,"Comedy, Family",561792,1990-11-10,Chris Columbus
58,tt0104431,2012-09-02,2012-09-02,,Home Alone 2: Lost in New York,https://www.imdb.com/title/tt0104431/,movie,6.8,120,1992,"Adventure, Comedy, Crime, Family",351160,1992-11-15,Chris Columbus
59,tt0119303,2012-09-02,2012-09-02,,Home Alone 3,https://www.imdb.com/title/tt0119303/,movie,4.5,102,1997,"Action, Comedy, Crime, Family",116753,1997-12-10,Raja Gosnell
60,tt0461770,2012-09-02,2012-09-02,,Enchanted,https://www.imdb.com/title/tt0461770/,movie,7.1,107,2007,"Animation, Adventure, Comedy, Family, Fantasy, Musical, Romance",198739,2007-10-20,Kevin Lima
61,tt0363771,2012-09-02,2012-09-02,,"The Chronicles of Narnia: The Lion, the Witch and the Wardrobe",https://www.imdb.com/title/tt0363771/,movie,6.9,143,2005,"Adventure, Family, Fantasy",396579,2005-12-07,Andrew Adamson
62,tt0325980,2012-09-02,2012-09-02,,Pirates of the Caribbean: The Curse of the Black Pearl,https://www.imdb.com/title/tt0325980/,movie,8.1,143,2003,"Action, Adventure, Fantasy",1117087,2003-06-28,Gore Verbinski
63,tt0383574,2012-09-02,2012-09-02,,Pirates of the Caribbean: Dead Man's Chest,https://www.imdb.com/title/tt0383574/,movie,7.3,151,2006,"Action, Adventure, Fantasy",714704,2006-06-24,Gore Verbinski
64,tt0449088,2012-09-02,2012-09-02,,Pirates of the Caribbean: At World's End,https://www.imdb.com/title/tt0449088/,movie,7.1,169,2007,"Action, Adventure, Fantasy",648110,2007-05-19,Gore Verbinski
65,tt0380599,2012-09-02,2012-09-02,,Oliver Twist,https://www.imdb.com/title/tt0380599/,movie,6.8,130,2005,"Crime, Drama",32970,2005-09-11,Roman Polanski
66,tt0110357,2012-09-02,2012-09-02,,The Lion King,https://www.imdb.com/title/tt0110357/,movie,8.5,88,1994,"Animation, Adventure, Drama, Family, Musical",1046019,1994-06-12,"Rob Minkoff, Roger Allers"
67,tt0317705,2012-09-02,2012-09-02,,The Incredibles,https://www.imdb.com/title/tt0317705/,movie,8.0,115,2004,"Animation, Action, Adventure, Family",729476,2004-10-27,Brad Bird
68,tt0119282,2012-09-02,2012-09-02,,Hercules,https://www.imdb.com/title/tt0119282/,movie,7.3,93,1997,"Animation, Adventure, Comedy, Family, Fantasy, Musical, Romance",230469,1997-06-13,"Ron Clements, John Musker"
69,tt0088763,2012-09-02,2012-09-02,,Back to the Future,https://www.imdb.com/title/tt0088763/,movie,8.5,116,1985,"Adventure, Comedy, Sci-Fi",1187719,1985-07-03,Robert Zemeckis
70,tt0910970,2012-09-02,2012-09-02,,WALL·E,https://www.imdb.com/title/tt0910970/,movie,8.4,98,2008,"Animation, Adventure, Family, Sci-Fi",1104836,2008-06-21,Andrew Stanton
71,tt0042332,2012-09-02,2012-09-02,,Cinderella,https://www.imdb.com/title/tt0042332/,movie,7.3,74,1950,"Animation, Family, Fantasy, Musical, Romance",160266,1950-02-15,"Hamilton Luske, Clyde Geronimi, Wilfred Jackson"
72,tt0032910,2012-09-02,2012-09-02,,Pinocchio,https://www.imdb.com/title/tt0032910/,movie,7.5,88,1940,"Animation, Adventure, Comedy, Family, Fantasy, Musical",146601,1940-02-07,"Ben Sharpsteen, Jack Kinney, Hamilton Luske, Wilfred Jackson, T. Hee, Bill Roberts, Norman Ferguson"
73,tt0396752,2012-09-02,2012-09-02,,Nanny McPhee,https://www.imdb.com/title/tt0396752/,movie,6.6,97,2005,"Comedy, Family, Fantasy",77117,2005-10-21,Kirk Jones
74,tt1415283,2012-09-02,2012-09-02,,Nanny McPhee and the Big Bang,https://www.imdb.com/title/tt1415283/,movie,6.1,109,2010,"Comedy, Family, Fantasy, War",33062,2010-03-24,Susanna White
75,tt0117008,2012-09-02,2012-09-02,,Matilda,https://www.imdb.com/title/tt0117008/,movie,6.9,98,1996,"Comedy, Family, Fantasy",151229,1996-07-28,Danny DeVito
76,tt0110305,2012-09-02,2012-09-02,,Lassie,https://www.imdb.com/title/tt0110305/,movie,5.8,94,1994,"Family, Adventure",6296,1994-07-22,Daniel Petrie
77,tt0106965,2012-09-02,2012-09-02,,Free Willy,https://www.imdb.com/title/tt0106965/,movie,6.0,112,1993,"Adventure, Drama, Family",76883,1993-07-16,Simon Wincer
78,tt0322330,2012-09-02,2012-09-02,,Freaky Friday,https://www.imdb.com/title/tt0322330/,movie,6.3,97,2003,"Comedy, Family, Fantasy, Music, Romance",138837,2003-08-04,Mark Waters
79,tt0371606,2012-09-02,2012-09-02,,Chicken Little,https://www.imdb.com/title/tt0371606/,movie,5.7,81,2005,"Animation, Adventure, Comedy, Family, Fantasy, Sci-Fi",93130,2005-10-30,Mark Dindal
80,tt0101414,2012-09-02,2012-09-02,,Beauty and the Beast,https://www.imdb.com/title/tt0101414/,movie,8.0,84,1991,"Animation, Family, Fantasy, Musical, Romance",452342,1991-09-29,"Kirk Wise, Gary Trousdale"
81,tt0198781,2012-09-02,2012-09-02,,"Monsters, Inc.",https://www.imdb.com/title/tt0198781/,movie,8.1,92,2001,"Animation, Adventure, Comedy, Family, Fantasy",900665,2001-10-28,"David Silverman, Pete Docter, Lee Unkrich"
82,tt0275847,2012-09-02,2012-09-02,,Lilo & Stitch,https://www.imdb.com/title/tt0275847/,movie,7.3,85,2002,"Animation, Adventure, Comedy, Drama, Family, Fantasy, Sci-Fi",190211,2002-06-16,"Chris Sanders, Dean DeBlois"
83,tt0317219,2012-09-02,2012-09-02,,Cars,https://www.imdb.com/title/tt0317219/,movie,7.2,117,2006,"Animation, Adventure, Comedy, Family, Sport",418109,2006-03-14,"John Lasseter, Joe Ranft"
84,tt0120623,2012-09-02,2012-09-02,,A Bug's Life,https://www.imdb.com/title/tt0120623/,movie,7.2,95,1998,"Animation, Adventure, Comedy, Family, Fantasy",292022,1998-11-14,"Andrew Stanton, John Lasseter"
85,tt0048280,2012-09-02,2012-09-02,,Lady and the Tramp,https://www.imdb.com/title/tt0048280/,movie,7.3,76,1955,"Animation, Adventure, Comedy, Family, Musical, Romance",135723,1955-06-16,"Clyde Geronimi, Wilfred Jackson, Hamilton Luske, Jack Cutting"
86,tt0087538,2012-09-02,2012-09-02,,The Karate Kid,https://www.imdb.com/title/tt0087538/,movie,7.3,126,1984,"Action, Drama, Family, Sport",224737,1984-06-22,John G. Avildsen
87,tt0091326,2012-09-02,2012-09-02,,The Karate Kid Part II,https://www.imdb.com/title/tt0091326/,movie,6.1,113,1986,"Action, Family, Sport",90452,1986-06-19,John G. Avildsen
88,tt0097647,2012-09-02,2012-09-02,,The Karate Kid Part III,https://www.imdb.com/title/tt0097647/,movie,5.3,112,1989,"Action, Drama, Family, Sport",63795,1989-04-15,John G. Avildsen
89,tt1155076,2012-09-02,2012-09-02,,The Karate Kid,https://www.imdb.com/title/tt1155076/,movie,6.2,140,2010,"Action, Drama, Family, Sport",183416,2010-06-07,Harald Zwart
90,tt0319343,2012-09-02,2012-09-02,,Elf,https://www.imdb.com/title/tt0319343/,movie,7.0,97,2003,"Adventure, Comedy, Family, Fantasy, Romance",264962,2003-10-09,Jon Favreau
91,tt0120794,2012-09-02,2012-09-02,,The Prince of Egypt,https://www.imdb.com/title/tt0120794/,movie,7.1,99,1998,"Animation, Adventure, Drama, Family, Fantasy, Musical",132307,1998-12-16,"Brenda Chapman, Steve Hickner, Simon Wells"
92,tt0396555,2012-09-02,2012-09-02,,Meet the Robinsons,https://www.imdb.com/title/tt0396555/,movie,6.8,95,2007,"Animation, Adventure, Comedy, Family, Music, Musical, Sci-Fi",100400,2007-03-23,Stephen J. Anderson
93,tt0116583,2012-09-02,2012-09-02,,The Hunchback of Notre Dame,https://www.imdb.com/title/tt0116583/,movie,7.0,91,1996,"Animation, Drama, Family, Musical, Romance",157517,1996-06-19,"Kirk Wise, Gary Trousdale"
94,tt0257778,2012-09-02,2012-09-02,,The Hunchback of Notre Dame II,https://www.imdb.com/title/tt0257778/,video,4.6,68,2002,"Animation, Adventure, Comedy, Drama, Family, Musical, Romance",7081,2002-01-24,Bradley Raymond
95,tt0101862,2012-09-02,2012-09-02,,Father of the Bride,https://www.imdb.com/title/tt0101862/,movie,6.5,105,1991,"Comedy, Family, Romance",77189,1991-12-20,Charles Shyer
96,tt0113041,2012-09-02,2012-09-02,,Father of the Bride Part II,https://www.imdb.com/title/tt0113041/,movie,6.0,106,1995,"Comedy, Family, Romance",38535,1995-12-08,Charles Shyer
97,tt0327084,2012-09-02,2012-09-02,,Over the Hedge,https://www.imdb.com/title/tt0327084/,movie,6.7,83,2006,"Animation, Adventure, Comedy, Family",175251,2006-04-22,"Tim Johnson, Karey Kirkpatrick"
98,tt0247638,2012-09-02,2012-09-02,,The Princess Diaries,https://www.imdb.com/title/tt0247638/,movie,6.3,115,2001,"Comedy, Family, Romance",145525,2001-07-29,Garry Marshall
99,tt0368933,2012-09-02,2012-09-02,,The Princess Diaries 2: Royal Engagement,https://www.imdb.com/title/tt0368933/,movie,5.8,113,2004,"Comedy, Family, Romance",81552,2004-08-07,Garry Marshall
100,tt0366777,2012-09-02,2012-09-02,,Millions,https://www.imdb.com/title/tt0366777/,movie,6.8,98,2004,"Comedy, Crime, Drama, Family",25628,2004-09-14,Danny Boyle
101,tt0103639,2012-09-02,2012-09-02,,Aladdin,https://www.imdb.com/title/tt0103639/,movie,8.0,90,1992,"Animation, Adventure, Comedy, Family, Fantasy, Musical, Romance",415531,1992-11-08,"Ron Clements, John Musker"
102,tt0349205,2012-09-02,2012-09-02,,Cheaper by the Dozen,https://www.imdb.com/title/tt0349205/,movie,5.9,98,2003,"Comedy, Family",102593,2003-11-22,Shawn Levy
103,tt0452598,2012-09-02,2012-09-02,,Cheaper by the Dozen 2,https://www.imdb.com/title/tt0452598/,movie,5.5,94,2005,"Adventure, Comedy, Family",59264,2005-12-21,Adam Shankman
104,tt0110527,2012-09-02,2012-09-02,,Miracle on 34th Street,https://www.imdb.com/title/tt0110527/,movie,6.5,114,1994,"Family, Fantasy",36920,1994-11-18,Les Mayfield
105,tt0290006,2012-09-02,2012-09-02,,Min søsters børn,https://www.imdb.com/title/tt0290006/,movie,5.3,73,2001,Family,671,2001-10-12,Tomas Villum Jensen
106,tt0329380,2012-09-02,2012-09-02,,Min søsters børn i sneen,https://www.imdb.com/title/tt0329380/,movie,5.1,84,2002,"Comedy, Family",565,2002-10-04,Tomas Villum Jensen
107,tt0393479,2012-09-02,2012-09-02,,Min søsters børn i Ægypten,https://www.imdb.com/title/tt0393479/,movie,4.6,75,2004,"Adventure, Comedy, Family",562,2004-10-08,Kasper Barfoed
108,tt0240684,2012-09-02,2012-09-02,,The Little Mermaid II: Return to the Sea,https://www.imdb.com/title/tt0240684/,video,5.5,75,2000,"Animation, Adventure, Comedy, Drama, Family, Fantasy, Musical",19803,2000-04-17,"Bill Speers, Brian Smith, Jim Kammerud"
109,tt1049413,2012-11-25,2012-11-25,,Up,https://www.imdb.com/title/tt1049413/,movie,8.3,96,2009,"Animation, Adventure, Comedy, Drama, Family",1033813,2009-05-13,"Pete Docter, Bob Peterson"
110,tt0473075,2013-02-24,2013-02-24,,Prince of Persia: The Sands of Time,https://www.imdb.com/title/tt0473075/,movie,6.6,116,2010,"Action, Adventure, Fantasy",289778,2010-05-09,Mike Newell
111,tt1640484,2013-03-24,2013-03-24,,Jumping the Broom,https://www.imdb.com/title/tt1640484/,movie,5.6,112,2011,"Comedy, Drama",10891,2011-05-06,Salim Akil
112,tt0283900,2013-11-03,2013-11-03,,L'auberge espagnole,https://www.imdb.com/title/tt0283900/,movie,7.3,122,2002,"Comedy, Drama, Romance",41322,2002-05-17,Cédric Klapisch
113,tt0409184,2013-11-03,2013-11-03,,Les poupées russes,https://www.imdb.com/title/tt0409184/,movie,7.0,125,2005,"Comedy, Drama, Romance",20523,2005-06-15,Cédric Klapisch
114,tt1981115,2013-11-10,2013-11-10,,Thor: The Dark World,https://www.imdb.com/title/tt1981115/,movie,6.8,112,2013,"Action, Adventure, Fantasy",677868,2013-10-22,Alan Taylor
115,tt1374992,2013-11-16,2013-11-16,,Upside Down,https://www.imdb.com/title/tt1374992/,movie,6.3,109,2012,"Drama, Fantasy, Romance, Sci-Fi",72084,2012-08-22,Juan Solanas
116,tt0120646,2013-11-18,2013-11-18,,The Deep End of the Ocean,https://www.imdb.com/title/tt0120646/,movie,6.3,106,1999,Drama,14730,1999-03-12,Ulu Grosbard
117,tt1981677,2013-11-27,2013-11-27,,Pitch Perfect,https://www.imdb.com/title/tt1981677/,movie,7.1,112,2012,"Comedy, Music, Romance",305296,2012-09-28,Jason Moore
118,tt1487118,2013-11-30,2013-11-30,,Chalet Girl,https://www.imdb.com/title/tt1487118/,movie,6.2,97,2011,"Comedy, Romance, Sport",25533,2011-02-17,Phil Traill
119,tt0770752,2013-12-01,2013-12-01,,Fool's Gold,https://www.imdb.com/title/tt0770752/,movie,5.7,112,2008,"Action, Adventure, Comedy, Romance, Thriller",80080,2008-02-07,Andy Tennant
120,tt1561770,2013-12-17,2013-12-17,,The Shunning,https://www.imdb.com/title/tt1561770/,tvMovie,6.2,88,2011,Drama,1906,2011-04-16,Michael Landon Jr.
121,tt1735898,2014-01-12,2014-01-12,,Snow White and the Huntsman,https://www.imdb.com/title/tt1735898/,movie,6.1,127,2012,"Action, Adventure, Drama, Fantasy",289612,2012-05-14,Rupert Sanders
122,tt0359950,2014-01-16,2014-01-16,,The Secret Life of Walter Mitty,https://www.imdb.com/title/tt0359950/,movie,7.3,114,2013,"Adventure, Comedy, Drama, Fantasy, Romance",316720,2013-10-05,Ben Stiller
123,tt1700808,2014-01-20,2014-01-20,,Fast Girls,https://www.imdb.com/title/tt1700808/,movie,6.2,91,2012,"Drama, Sport",3709,2012-06-15,Regan Hall
124,tt0245090,2014-01-22,2014-01-22,,Edges of the Lord,https://www.imdb.com/title/tt0245090/,movie,6.7,98,2001,"Crime, Drama, Romance, War",3582,2001-10-12,Yurek Bogayevicz
125,tt1083845,2014-03-27,2014-03-27,,Ballet Shoes,https://www.imdb.com/title/tt1083845/,tvMovie,6.6,85,2007,"Drama, Family, Musical",8814,2007-12-26,Sandra Goldbacher
126,tt0384793,2014-03-30,2014-03-30,,Accepted,https://www.imdb.com/title/tt0384793/,movie,6.4,93,2006,Comedy,132837,2006-08-18,Steve Pink
127,tt1094198,2014-05-23,2014-05-23,,The Prince & Me 3: A Royal Honeymoon,https://www.imdb.com/title/tt1094198/,video,4.1,92,2008,"Comedy, Family, Romance",2085,2008-10-28,Catherine Cyran
128,tt1668056,2014-05-27,2014-05-27,,Bora Bora,https://www.imdb.com/title/tt1668056/,movie,3.9,76,2011,"Drama, Music, Romance",170,2011-09-01,Fabian Wullenweber
129,tt1340161,2014-05-27,2014-05-27,,The Prince & Me: The Elephant Adventure,https://www.imdb.com/title/tt1340161/,tvMovie,4.6,93,2010,"Comedy, Romance",1329,2010-02-15,Catherine Cyran
130,tt0437800,2014-05-27,2014-05-27,,Akeelah and the Bee,https://www.imdb.com/title/tt0437800/,movie,7.3,112,2006,"Drama, Family",20204,2006-03-16,Doug Atchison
131,tt0804452,2014-06-20,2014-06-20,,Bratz,https://www.imdb.com/title/tt0804452/,movie,3.0,110,2007,"Comedy, Family, Music",23837,2007-08-03,Sean McNamara
132,tt0473389,2014-07-05,2014-07-05,,The Ron Clark Story,https://www.imdb.com/title/tt0473389/,tvMovie,7.5,90,2006,"Biography, Drama",10290,2006-01-22,Randa Haines
133,tt1587310,2014-09-29,2014-09-29,,Maleficent,https://www.imdb.com/title/tt1587310/,movie,6.9,97,2014,"Adventure, Family, Fantasy, Romance",374248,2014-05-28,Robert Stromberg
134,tt1667353,2015-01-12,2015-01-12,,Mirror Mirror,https://www.imdb.com/title/tt1667353/,movie,5.6,106,2012,"Adventure, Comedy, Drama, Family, Fantasy",88024,2012-03-15,Tarsem Singh
135,tt0476013,2015-06-07,2015-06-07,,"Hello Sister, Goodbye Life",https://www.imdb.com/title/tt0476013/,tvMovie,6.2,89,2006,Drama,1244,2006-12-31,Steven Robman
136,tt0280590,2015-09-19,2015-09-19,,Mr. Deeds,https://www.imdb.com/title/tt0280590/,movie,5.8,96,2002,"Comedy, Romance",144911,2002-06-28,Steven Brill
137,tt1964418,2015-09-29,2015-09-29,,Tomorrowland,https://www.imdb.com/title/tt1964418/,movie,6.4,130,2015,"Action, Adventure, Family, Fantasy, Mystery, Sci-Fi",182732,2015-05-09,Brad Bird
138,tt1661199,2015-09-29,2015-09-29,,Cinderella,https://www.imdb.com/title/tt1661199/,movie,6.9,105,2015,"Adventure, Drama, Family, Fantasy, Romance",177161,2015-02-13,Kenneth Branagh
139,tt1524930,2015-10-02,2015-10-02,,Vacation,https://www.imdb.com/title/tt1524930/,movie,6.1,99,2015,"Adventure, Comedy",112281,2015-07-29,"Jonathan Goldstein, John Francis Daley"
140,tt0393162,2015-10-14,2015-10-14,,Coach Carter,https://www.imdb.com/title/tt0393162/,movie,7.3,136,2005,"Biography, Drama, Sport",148781,2005-01-13,Thomas Carter
141,tt0486583,2015-12-06,2015-12-06,,Fred Claus,https://www.imdb.com/title/tt0486583/,movie,5.6,116,2007,"Comedy, Family, Fantasy",44011,2007-11-03,David Dobkin
142,tt3203616,2016-01-11,2016-01-11,,The Cobbler,https://www.imdb.com/title/tt3203616/,movie,5.8,99,2014,"Comedy, Drama, Fantasy",56537,2014-09-11,Tom McCarthy
143,tt0112757,2016-03-26,2016-03-26,,The Cure,https://www.imdb.com/title/tt0112757/,movie,7.7,97,1995,Drama,9988,1995-04-18,Peter Horton
144,tt0099052,2016-03-26,2016-03-26,,Arachnophobia,https://www.imdb.com/title/tt0099052/,movie,6.5,109,1990,"Comedy, Horror, Thriller",70263,1990-07-18,Frank Marshall
145,tt0105327,2016-03-30,2016-03-30,,School Ties,https://www.imdb.com/title/tt0105327/,movie,6.9,106,1992,Drama,24744,1992-09-18,Robert Mandel
146,tt0092005,2016-03-31,2016-03-31,,Stand by Me,https://www.imdb.com/title/tt0092005/,movie,8.1,89,1986,"Adventure, Drama",401116,1986-08-06,Rob Reiner
147,tt2008633,2016-04-16,2016-04-16,,Radio Rebel,https://www.imdb.com/title/tt2008633/,tvMovie,5.8,85,2012,"Comedy, Drama, Family",9925,2012-02-17,Peter Howitt
148,tt1613750,2016-05-01,2016-05-01,,Kon-Tiki,https://www.imdb.com/title/tt1613750/,movie,7.2,118,2012,"Action, Adventure, Biography, Drama, History",49350,2012-08-18,"Espen Sandberg, Joachim Rønning"
149,tt1103153,2016-08-21,2016-08-21,,Killers,https://www.imdb.com/title/tt1103153/,movie,5.4,100,2010,"Action, Comedy, Romance, Thriller",92206,2010-06-01,Robert Luketic
150,tt1679235,2016-08-28,2016-08-28,,Mean Girls 2,https://www.imdb.com/title/tt1679235/,tvMovie,4.1,96,2011,Comedy,23709,2011-01-23,Melanie Mayron
151,tt4088588,2016-09-13,2016-09-13,,Dhanak,https://www.imdb.com/title/tt4088588/,movie,7.8,106,2015,"Comedy, Drama",4096,2015-02-08,Nagesh Kukunoor
152,tt2980648,2016-09-13,2016-09-13,,The Hundred-Foot Journey,https://www.imdb.com/title/tt2980648/,movie,7.3,122,2014,"Comedy, Drama",83212,2014-08-07,Lasse Hallström
153,tt3332064,2016-09-18,2016-09-18,,Pan,https://www.imdb.com/title/tt3332064/,movie,5.7,111,2015,"Action, Adventure, Comedy, Family, Fantasy",64443,2015-09-20,Joe Wright
154,tt0814255,2016-09-19,2016-09-19,,Percy Jackson & the Olympians: The Lightning Thief,https://www.imdb.com/title/tt0814255/,movie,5.8,118,2010,"Adventure, Family, Fantasy",189155,2010-02-10,Chris Columbus
155,tt0472181,2016-10-16,2016-10-16,,The Smurfs,https://www.imdb.com/title/tt0472181/,movie,5.4,103,2011,"Animation, Adventure, Comedy, Family, Fantasy",90704,2011-07-24,Raja Gosnell
156,tt1142433,2016-10-29,2016-10-29,,Post Grad,https://www.imdb.com/title/tt1142433/,movie,5.2,88,2009,"Comedy, Romance",14431,2009-08-13,Vicky Jenson
157,tt2097298,2016-10-31,2016-10-31,,"McFarland, USA",https://www.imdb.com/title/tt2097298/,movie,7.4,129,2015,"Biography, Drama, Sport",39102,2015-02-09,Niki Caro
158,tt5555502,2016-11-05,2016-11-05,,Bienvenue à Marly-Gomont,https://www.imdb.com/title/tt5555502/,movie,7.0,96,2016,"Biography, Comedy, Drama",11649,2016-06-08,Julien Rambaldi
159,tt1698641,2016-11-12,2016-11-12,,"Alexander and the Terrible, Horrible, No Good, Very Bad Day",https://www.imdb.com/title/tt1698641/,movie,6.2,81,2014,"Comedy, Drama, Family, Fantasy",44440,2014-10-06,Miguel Arteta
160,tt2838678,2016-11-12,2016-11-12,,A Royal Christmas,https://www.imdb.com/title/tt2838678/,tvMovie,6.5,90,2014,"Comedy, Family, Romance",4478,2014-11-21,Alex Zamm
161,tt0283885,2016-11-13,2016-11-13,,Anja & Viktor,https://www.imdb.com/title/tt0283885/,movie,5.1,90,2001,"Comedy, Romance",1415,2001-08-03,Charlotte Sachs Bostrup
162,tt0164711,2016-11-13,2016-11-13,,Kærlighed ved første hik,https://www.imdb.com/title/tt0164711/,movie,6.1,85,1999,Comedy,2815,1999-10-15,Tomas Villum Jensen
163,tt0339988,2016-11-13,2016-11-13,,Kærlighed Ved Første Hik 3 - Anja efter Viktor,https://www.imdb.com/title/tt0339988/,movie,4.3,84,2003,"Comedy, Family, Romance",892,2003-04-04,Charlotte Sachs Bostrup
164,tt0804439,2016-11-13,2016-11-13,,Anja og Viktor - Brændende Kærlighed,https://www.imdb.com/title/tt0804439/,movie,4.4,82,2007,"Comedy, Romance",701,2007-01-19,Niels Nørløv Hansen
165,tt1266539,2016-11-13,2016-11-13,,Anja & Viktor - I medgang og modgang,https://www.imdb.com/title/tt1266539/,movie,4.4,100,2008,"Comedy, Romance",523,2008-09-12,Søren Frellesen
166,tt5033114,2016-11-19,2016-11-19,,Once Upon a Holiday,https://www.imdb.com/title/tt5033114/,tvMovie,6.1,84,2015,"Comedy, Drama, Romance",3237,2015-11-25,James Head
167,tt2848292,2016-11-30,2016-11-30,,Pitch Perfect 2,https://www.imdb.com/title/tt2848292/,movie,6.4,115,2015,"Comedy, Music",157337,2015-04-20,Elizabeth Banks
168,tt1389137,2016-12-01,2016-12-01,,We Bought a Zoo,https://www.imdb.com/title/tt1389137/,movie,7.1,124,2011,"Comedy, Drama, Family",144004,2011-11-26,Cameron Crowe
169,tt1586265,2016-12-18,2016-12-18,,What to Expect When You're Expecting,https://www.imdb.com/title/tt1586265/,movie,5.7,110,2012,"Comedy, Drama, Romance",73298,2012-05-17,Kirk Jones
170,tt2472432,2017-01-05,2017-01-05,,Spijt!,https://www.imdb.com/title/tt2472432/,movie,7.0,95,2013,"Drama, Family, Music",2639,2013-06-20,Dave Schram
171,tt1854564,2017-01-07,2017-01-07,,Percy Jackson: Sea of Monsters,https://www.imdb.com/title/tt1854564/,movie,5.7,106,2013,"Adventure, Family, Fantasy",118543,2013-08-07,Thor Freudenthal
172,tt1935859,2017-01-08,2017-01-08,,Miss Peregrine's Home for Peculiar Children,https://www.imdb.com/title/tt1935859/,movie,6.7,127,2016,"Adventure, Drama, Family, Fantasy, Thriller",172329,2016-09-25,Tim Burton
173,tt3040964,2017-01-11,2017-01-11,,The Jungle Book,https://www.imdb.com/title/tt3040964/,movie,7.4,106,2016,"Adventure, Drama, Family, Fantasy",276857,2016-04-04,Jon Favreau
174,tt0108065,2017-01-12,2017-01-12,,Searching for Bobby Fischer,https://www.imdb.com/title/tt0108065/,movie,7.4,109,1993,"Biography, Drama, Sport",40405,1993-08-11,Steven Zaillian
175,tt3302706,2017-01-15,2017-01-15,,Boychoir,https://www.imdb.com/title/tt3302706/,movie,6.7,103,2014,"Drama, Music",7001,2014-09-05,François Girard
176,tt3547740,2017-01-17,2017-01-17,,La famille Bélier,https://www.imdb.com/title/tt3547740/,movie,7.3,106,2014,"Comedy, Drama, Music",28094,2014-11-07,Éric Lartigau
177,tt2096673,2017-01-29,2017-01-29,,Inside Out,https://www.imdb.com/title/tt2096673/,movie,8.2,95,2015,"Animation, Adventure, Comedy, Drama, Family, Fantasy",705038,2015-05-18,"Pete Docter, Ronnie Del Carmen"
178,tt3760922,2017-02-08,2017-02-08,,My Big Fat Greek Wedding 2,https://www.imdb.com/title/tt3760922/,movie,6.0,94,2016,"Comedy, Romance",31310,2016-03-15,Kirk Jones
179,tt3183660,2017-02-11,2017-02-11,,Fantastic Beasts and Where to Find Them,https://www.imdb.com/title/tt3183660/,movie,7.2,132,2016,"Adventure, Family, Fantasy",472552,2016-11-08,David Yates
180,tt1969062,2017-02-16,2017-02-16,,Infinitely Polar Bear,https://www.imdb.com/title/tt1969062/,movie,6.9,90,2014,"Comedy, Drama, Romance",16292,2014-01-18,Maya Forbes
181,tt1014759,2017-02-21,2017-02-21,,Alice in Wonderland,https://www.imdb.com/title/tt1014759/,movie,6.4,108,2010,"Adventure, Family, Fantasy, Mystery",413366,2010-02-25,Tim Burton
182,tt2567026,2017-02-22,2017-02-22,,Alice Through the Looking Glass,https://www.imdb.com/title/tt2567026/,movie,6.1,113,2016,"Adventure, Family, Fantasy, Mystery",108825,2016-05-10,James Bobin
183,tt4926822,2017-05-15,2017-05-15,,C'est quoi cette famille?!,https://www.imdb.com/title/tt4926822/,movie,6.1,99,2016,Comedy,1148,2016-05-15,Gabriel Julien-Laferrière
184,tt0918940,2017-05-24,2017-05-24,,The Legend of Tarzan,https://www.imdb.com/title/tt0918940/,movie,6.2,110,2016,"Action, Adventure, Drama, Fantasy, Romance",177119,2016-06-27,David Yates
185,tt5256722,2017-05-24,2017-05-24,,Il a déjà tes yeux,https://www.imdb.com/title/tt5256722/,movie,6.2,95,2016,Comedy,3149,2016-08-27,Lucien Jean-Baptiste
186,tt2709768,2017-06-07,2017-06-07,,The Secret Life of Pets,https://www.imdb.com/title/tt2709768/,movie,6.5,87,2016,"Animation, Adventure, Comedy, Family",201924,2016-06-16,Chris Renaud
187,tt2771200,2017-06-15,2017-06-15,,Beauty and the Beast,https://www.imdb.com/title/tt2771200/,movie,7.1,129,2017,"Adventure, Family, Fantasy, Musical, Romance",307254,2017-02-23,Bill Condon
188,tt3874544,2017-06-15,2017-06-15,,The Boss Baby,https://www.imdb.com/title/tt3874544/,movie,6.3,97,2017,"Animation, Adventure, Comedy, Family, Fantasy",126525,2017-03-12,Tom McGrath
189,tt1179025,2017-08-26,2017-08-26,,Les aventures extraordinaires d'Adèle Blanc-Sec,https://www.imdb.com/title/tt1179025/,movie,6.2,107,2010,"Action, Adventure, Comedy, Family, Fantasy, Mystery",21387,2010-04-09,Luc Besson
190,tt1462769,2017-11-20,2017-11-20,,The Odd Life of Timothy Green,https://www.imdb.com/title/tt1462769/,movie,6.6,105,2012,"Comedy, Drama, Family, Fantasy",47099,2012-08-15,Peter Hedges
191,tt0465234,2017-12-17,2017-12-17,,National Treasure: Book of Secrets,https://www.imdb.com/title/tt0465234/,movie,6.5,124,2007,"Action, Adventure, Mystery, Thriller",237458,2007-12-13,Jon Turteltaub
192,tt3691740,2017-12-20,2017-12-20,,The BFG,https://www.imdb.com/title/tt3691740/,movie,6.3,117,2016,"Adventure, Family, Fantasy",86210,2016-05-14,Steven Spielberg
193,tt2011971,2017-12-21,2017-12-21,,Monsieur Lazhar,https://www.imdb.com/title/tt2011971/,movie,7.5,95,2011,"Comedy, Drama",20519,2011-08-08,Philippe Falardeau
194,tt4341582,2017-12-25,2017-12-25,,Queen of Katwe,https://www.imdb.com/title/tt4341582/,movie,7.4,124,2016,"Biography, Drama, Sport",17467,2016-09-10,Mira Nair
195,tt0970179,2017-12-29,2017-12-29,,Hugo,https://www.imdb.com/title/tt0970179/,movie,7.5,126,2011,"Adventure, Drama, Family, Fantasy, Mystery",322776,2011-10-10,Martin Scorsese
196,tt1075417,2018-03-17,2018-03-17,,Race to Witch Mountain,https://www.imdb.com/title/tt1075417/,movie,5.7,98,2009,"Action, Adventure, Family, Fantasy, Sci-Fi, Thriller",60072,2009-03-11,Andy Fickman
197,tt2088003,2018-03-18,2018-03-18,,Big Game,https://www.imdb.com/title/tt2088003/,movie,5.4,90,2014,"Action, Adventure",33414,2014-09-05,Jalmari Helander
198,tt0318850,2018-03-25,2018-03-25,,Young Black Stallion,https://www.imdb.com/title/tt0318850/,movie,5.4,50,2003,"Adventure, Drama, Family",1203,2003-12-07,Simon Wincer
199,tt2543472,2018-04-13,2018-04-13,,Wonder,https://www.imdb.com/title/tt2543472/,movie,7.9,113,2017,"Drama, Family",163774,2017-11-14,Stephen Chbosky
200,tt2283362,2018-04-13,2018-04-13,,Jumanji: Welcome to the Jungle,https://www.imdb.com/title/tt2283362/,movie,6.9,119,2017,"Action, Adventure, Comedy, Fantasy",376076,2017-12-05,Jake Kasdan
201,tt1485796,2018-04-18,2018-04-18,,The Greatest Showman,https://www.imdb.com/title/tt1485796/,movie,7.5,105,2017,"Biography, Drama, Musical",279162,2017-12-20,Michael Gracey
202,tt1226766,2018-08-25,2018-08-25,,The Great Gilly Hopkins,https://www.imdb.com/title/tt1226766/,movie,6.4,99,2015,"Comedy, Drama, Family",4993,2015-10-06,Stephen Herek
203,tt0837156,2018-10-14,2018-10-14,,Pee-wee's Big Holiday,https://www.imdb.com/title/tt0837156/,movie,6.1,90,2016,"Comedy, Family",8138,2016-03-17,John Lee
204,tt5213744,2018-10-21,2018-10-21,,Jessica Darling's It List,https://www.imdb.com/title/tt5213744/,movie,5.4,79,2016,Family,1012,2016-06-21,Ali Scher
205,tt0106223,2018-11-03,2018-11-03,,The Adventures of Huck Finn,https://www.imdb.com/title/tt0106223/,movie,6.2,108,1993,"Adventure, Comedy, Drama, Family",8677,1993-03-25,Stephen Sommers
206,tt7104578,2018-11-17,2018-11-17,,Going for Gold,https://www.imdb.com/title/tt7104578/,movie,4.8,93,2018,"Drama, Family, Sport",579,2018-03-08,Clay Glen
207,tt5493944,2018-12-09,2018-12-09,,The Little Mermaid,https://www.imdb.com/title/tt5493944/,movie,4.2,85,2018,"Adventure, Drama, Fantasy, Romance",9058,2018-08-02,"Chris Bouchard, Blake Harris"
208,tt2388771,2018-12-09,2018-12-09,,Mowgli,https://www.imdb.com/title/tt2388771/,movie,6.5,104,2018,"Adventure, Drama, Fantasy",62178,2018-11-25,Andy Serkis
209,tt8709036,2018-12-17,2018-12-17,,A Christmas Prince: The Royal Wedding,https://www.imdb.com/title/tt8709036/,movie,5.3,92,2018,"Drama, Romance",10808,2018-11-25,John Schultz
210,tt7367960,2019-01-07,2019-01-07,,Ternet ninja,https://www.imdb.com/title/tt7367960/,movie,7.2,83,2018,"Animation, Action, Adventure, Comedy, Family, Fantasy",5513,2018-12-25,"Anders Matthesen, Thorbjørn Christoffersen"
211,tt0200809,2019-01-17,2019-01-17,,The Wonderful World of Disney: Life-Size,https://www.imdb.com/title/tt0200809/,tvEpisode,5.5,89,2000,"Adventure, Comedy, Drama, Family, Fantasy",8386,2000-03-05,Mark Rosman
212,tt1563742,2019-01-19,2019-01-19,,Overboard,https://www.imdb.com/title/tt1563742/,movie,6.0,112,2018,"Comedy, Romance",38724,2018-04-13,Rob Greenberg
213,tt0398286,2019-02-03,2019-02-03,,Tangled,https://www.imdb.com/title/tt0398286/,movie,7.7,100,2010,"Animation, Adventure, Comedy, Family, Fantasy, Musical, Romance",449929,2010-11-24,"Byron Howard, Nathan Greno"
214,tt2398241,2019-02-14,2019-02-14,,Smurfs: The Lost Village,https://www.imdb.com/title/tt2398241/,movie,5.9,90,2017,"Animation, Adventure, Comedy, Family, Fantasy",21748,2017-03-23,Kelly Asbury
215,tt0760329,2019-02-17,2019-02-17,,The Water Horse,https://www.imdb.com/title/tt0760329/,movie,6.4,112,2007,"Adventure, Family, Fantasy, War",41142,2007-11-25,Jay Russell
216,tt0327597,2019-03-17,2019-03-17,,Coraline,https://www.imdb.com/title/tt0327597/,movie,7.7,100,2009,"Animation, Drama, Family, Fantasy, Thriller",226013,2009-02-05,Henry Selick
217,tt3861390,2019-05-12,2019-05-12,,Dumbo,https://www.imdb.com/title/tt3861390/,movie,6.3,112,2019,"Adventure, Family, Fantasy",75859,2019-03-11,Tim Burton
218,tt0356634,2019-05-13,2019-05-13,,Garfield,https://www.imdb.com/title/tt0356634/,movie,5.0,80,2004,"Animation, Adventure, Comedy, Family, Fantasy",86980,2004-06-06,Peter Hewitt
219,tt0455499,2019-05-16,2019-05-16,,Garfield: A Tale of Two Kitties,https://www.imdb.com/title/tt0455499/,movie,5.0,82,2006,"Animation, Adventure, Comedy, Family",43370,2006-06-15,"Steven Rimdzius, Tim Hill"
220,tt6139732,2019-08-04,2019-08-04,,Aladdin,https://www.imdb.com/title/tt6139732/,movie,6.9,128,2019,"Adventure, Comedy, Family, Fantasy, Musical, Romance",263695,2019-05-08,Guy Ritchie
221,tt6105098,2019-08-04,2019-08-04,,The Lion King,https://www.imdb.com/title/tt6105098/,movie,6.8,118,2019,"Animation, Adventure, Drama, Family, Musical",243493,2019-07-09,Jon Favreau
222,tt2380307,2019-11-05,2019-11-05,,Coco,https://www.imdb.com/title/tt2380307/,movie,8.4,105,2017,"Animation, Adventure, Comedy, Family, Fantasy, Music, Mystery",496463,2017-10-20,"Adrian Molina, Lee Unkrich"
223,tt0808510,2019-11-08,2019-11-08,,Tooth Fairy,https://www.imdb.com/title/tt0808510/,movie,5.0,101,2010,"Comedy, Family, Fantasy, Sport",46699,2010-01-14,Michael Lembeck
224,tt5740806,2019-11-10,2019-11-10,,Coin Heist,https://www.imdb.com/title/tt5740806/,movie,4.8,97,2017,"Crime, Drama, Romance, Thriller",2761,2017-01-06,Emily Hagins
225,tt1041804,2019-11-10,2019-11-10,,The Nutcracker in 3D,https://www.imdb.com/title/tt1041804/,movie,4.1,110,2010,"Action, Family, Fantasy, Musical",3907,2010-11-24,Andrey Konchalovskiy
226,tt8179388,2019-11-16,2019-11-16,,Rim of the World,https://www.imdb.com/title/tt8179388/,movie,5.2,98,2019,"Action, Adventure, Comedy, Sci-Fi",24242,2019-05-24,McG
227,tt8243160,2019-12-18,2019-12-18,,Hacker,https://www.imdb.com/title/tt8243160/,movie,5.3,97,2019,"Action, Family",606,2019-03-28,Poul Berg
228,tt1047540,2019-12-27,2019-12-27,,Parental Guidance,https://www.imdb.com/title/tt1047540/,movie,6.0,105,2012,"Comedy, Family",26033,2012-12-25,Andy Fickman
229,tt8898498,2020-02-16,2020-02-16,,Raghdah Mutawahheshah,https://www.imdb.com/title/tt8898498/,movie,5.3,90,2018,"Comedy, Family",540,2018-01-06,Mahmoud Karim
230,tt5758778,2020-03-10,2020-03-10,,Skyscraper,https://www.imdb.com/title/tt5758778/,movie,5.8,102,2018,"Action, Adventure, Thriller",122267,2018-07-11,Rawson Marshall Thurber
231,tt8385474,2020-05-05,2020-05-05,,A Dog's Journey,https://www.imdb.com/title/tt8385474/,movie,7.4,109,2019,"Adventure, Comedy, Drama, Family, Fantasy",24831,2019-05-03,Gail Mancuso
232,tt2990140,2020-07-28,2020-07-28,,The Christmas Chronicles,https://www.imdb.com/title/tt2990140/,movie,7.0,104,2018,"Adventure, Comedy, Family, Fantasy",72189,2018-11-21,Clay Kaytis
233,tt7846844,2020-10-06,2020-10-06,,Enola Holmes,https://www.imdb.com/title/tt7846844/,movie,6.6,123,2020,"Action, Adventure, Crime, Drama, Mystery",170409,2020-09-23,Harry Bradbeer
234,tt9063902,2020-11-16,2020-11-16,,Vivir dos veces,https://www.imdb.com/title/tt9063902/,movie,7.2,101,2019,"Comedy, Drama",6671,2019-09-06,Maria Ripoll
235,tt11199410,2020-11-21,2020-11-21,,The Princess Switch: Switched Again,https://www.imdb.com/title/tt11199410/,movie,5.4,96,2020,"Comedy, Drama, Family, Romance",11595,2020-11-19,Mike Rohl
236,tt11057644,2020-12-04,2020-12-04,,The Christmas Chronicles: Part Two,https://www.imdb.com/title/tt11057644/,movie,6.0,112,2020,"Adventure, Comedy, Family, Fantasy",29792,2020-11-25,Chris Columbus
237,tt7736496,2020-12-26,2020-12-26,,Jingle Jangle: A Christmas Journey,https://www.imdb.com/title/tt7736496/,movie,6.4,122,2020,"Family, Fantasy, Musical",18522,2020-11-13,David E. Talbert
238,tt10600398,2020-12-30,2020-12-30,,We Can Be Heroes,https://www.imdb.com/title/tt10600398/,movie,4.7,100,2020,"Action, Comedy, Drama, Family, Fantasy",14984,2020-12-25,Robert Rodriguez
239,tt10714856,2021-01-07,2021-01-07,,Feel the Beat,https://www.imdb.com/title/tt10714856/,movie,6.3,109,2020,"Comedy, Drama, Family",11457,2020-06-19,Elissa Down
240,tt4257926,2021-03-05,2021-03-05,,Miracles from Heaven,https://www.imdb.com/title/tt4257926/,movie,7.1,109,2016,"Biography, Drama, Family",25823,2016-03-16,Patricia Riggen
241,tt8521876,2021-03-14,2021-03-14,,Yes Day,https://www.imdb.com/title/tt8521876/,movie,5.7,86,2021,"Comedy, Family",24210,2021-03-12,Miguel Arteta
242,tt10332588,2021-05-02,2021-05-02,,Finding 'Ohana,https://www.imdb.com/title/tt10332588/,movie,6.1,123,2021,"Action, Adventure, Comedy, Family",10231,2021-01-29,Jude Weng
243,tt3416532,2021-07-03,2021-07-03,,A Monster Calls,https://www.imdb.com/title/tt3416532/,movie,7.4,108,2016,"Adventure, Drama, Family, Fantasy, Thriller",88537,2016-09-09,J.A. Bayona
244,tt8242084,2021-07-30,2021-07-30,,My Spy,https://www.imdb.com/title/tt8242084/,movie,6.3,99,2020,"Action, Comedy",30831,2020-01-09,Peter Segal
245,tt1823664,2021-07-31,2021-07-31,,Annie,https://www.imdb.com/title/tt1823664/,movie,5.3,118,2014,"Comedy, Drama, Family, Musical",38067,2014-12-07,Will Gluck
246,tt10888708,2021-08-02,2021-08-02,,The Sleepover,https://www.imdb.com/title/tt10888708/,movie,5.6,100,2020,"Action, Adventure, Comedy, Family",10619,2020-08-21,Trish Sie
247,tt4733624,2021-08-05,2021-08-05,,Fatherhood,https://www.imdb.com/title/tt4733624/,movie,6.6,109,2021,"Comedy, Drama",37668,2021-06-18,Paul Weitz
248,tt3228774,2021-11-13,2021-11-13,,Cruella,https://www.imdb.com/title/tt3228774/,movie,7.3,134,2021,"Adventure, Comedy, Crime, Drama",230071,2021-05-18,Craig Gillespie
249,tt10187208,2021-11-30,2021-11-30,,A Boy Called Christmas,https://www.imdb.com/title/tt10187208/,movie,6.7,106,2021,"Adventure, Drama, Family, Fantasy",21296,2021-11-18,Gil Kenan
250,tt2702724,2021-12-10,2021-12-10,,The Boss,https://www.imdb.com/title/tt2702724/,movie,5.4,99,2016,Comedy,46541,2016-03-21,Ben Falcone
251,tt13834006,2022-02-05,2022-02-05,,Huit Rue de l'Humanite,https://www.imdb.com/title/tt13834006/,movie,6.3,125,2021,Comedy,7096,2021-10-20,Dany Boon
252,tt14592064,2022-02-19,2022-02-19,,Home Team,https://www.imdb.com/title/tt14592064/,movie,6.0,95,2022,"Comedy, Sport",18494,2022-01-28,"Charles Kinnane, Daniel Kinnane"
253,tt2463208,2022-03-16,2022-03-16,,The Adam Project,https://www.imdb.com/title/tt2463208/,movie,6.7,106,2022,"Action, Adventure, Comedy, Sci-Fi",193809,2022-02-28,Shawn Levy
254,tt4593060,2022-09-11,2022-09-11,,Pinocchio,https://www.imdb.com/title/tt4593060/,movie,5.1,105,2022,"Adventure, Comedy, Drama, Family, Fantasy, Musical",25355,2022-09-08,Robert Zemeckis
